{
  "build": {
    "env": {
      "ENABLE_EXPERIMENTAL_COREPACK": "1"
    }
  },
  "functions": {
    "app/**/*.ts": {
      "maxDuration": 30
    }
  },
  "rewrites": [
    {
      "source": "/api/:path*",
      "destination": "/api/:path*"
    }
  ],
  "headers": [
    {
      "source": "/(.*)",
      "headers": [
        {
          "key": "X-Frame-Options",
          "value": "DENY"
        },
        {
          "key": "X-Content-Type-Options",
          "value": "nosniff"
        }
      ]
    }
  ]
}
